document_id,issued_on,kind,series,document_number,control_number,status,customer_tax_id,customer_name,customer_taxpayer_type,transaction_currency,fx_rate,base_gravada,iva_debito,base_exenta,base_exonerada,base_no_sujeta,base_sin_clasificar,total_amount,journal_entry_id
01a0d5d0-7bdb-7c1f-a270-cf1cd457e248,2026-09-24,invoice,A,1,1,paid,J409998881,"Abastos El Sol, C.A.",ordinario,USD,854.46370000,333240.85000000,53318.52000000,0,0,0,0,386559.37000000,01a0d5d0-7c68-7e6f-8dc0-2bd7edbab178
01a0d5d0-e1d1-759f-bc2f-22bf5fc3feb8,2026-09-24,invoice,A,2,2,issued,G200001234,Alcaldía de Iribarren,ordinario,USD,854.46370000,135005.27000000,21600.84000000,0,0,0,0,156606.11000000,01a0d5d0-e28b-7400-ae2d-27598316a9fc
01a0d5d1-3198-78d0-8b0f-96547ad95422,2026-09-24,invoice,A,3,3,paid,P1234567,John Smith,no_domiciliado,USD,854.46370000,18798.20000000,3007.71000000,0,0,0,0,21805.91000000,01a0d5d1-34d3-7323-9294-1c83f1893def
01a0d5d1-7934-77f1-9863-a0075618c41c,2026-09-24,invoice,A,4,4,paid,V12345678,Pedro Rivas,consumidor_final,USD,854.46370000,14953.11000000,2392.50000000,0,0,0,0,17345.61000000,01a0d5d1-79e0-7c95-a2d2-49304029e7e3
01a0d922-170a-7489-b6f3-2c1b60772ef9,2026-09-25,invoice,A,5,5,paid,J-40888777-6,"Bodegón Mayorista Los Andes, C.A.",ordinario,USD,854.46370000,18798.20000000,3007.71000000,0,0,0,0,21805.91000000,01a0d922-17cd-7990-8dfb-371b79a9f938
01a0d948-46fb-7bbb-b952-c255b0a286f9,2026-09-25,invoice,A,6,6,annulled,J409998881,"Abastos El Sol, C.A.",ordinario,USD,855.66250000,30803.85000000,4928.62000000,0,0,0,0,35732.47000000,01a0d948-47b5-7cc6-977b-cb696d4835c6
01a0d949-55df-705b-b440-efa2fe35a4a4,2026-09-25,credit_note,A,1,1,issued,V12345678,Pedro Rivas,consumidor_final,USD,854.46370000,2990.62000000,478.50000000,0,0,0,0,3469.12000000,01a0d949-5642-78e5-ac9f-9f066866c00c
01a0d949-7f64-7891-9a7a-4eb904fe30b0,2026-09-25,debit_note,A,1,5001,issued,P1234567,John Smith,no_domiciliado,USD,854.46370000,1708.93000000,273.43000000,0,0,0,0,1982.36000000,01a0d949-7f9f-7c93-b7a5-f0386bc1650a
01a0d949-afaa-7217-9acf-4d5569b9fb3c,2026-09-25,invoice,A,7,7,paid,J409998881,"Abastos El Sol, C.A.",ordinario,USD,855.66250000,15401.93000000,2464.30000000,0,0,0,0,17866.23000000,01a0d949-b037-7791-9af7-fc314271bdc0
01a0d94c-f08c-75d5-907c-c6fcf96db1bd,2026-09-25,credit_note,A,2,2,issued,J409998881,"Abastos El Sol, C.A.",ordinario,USD,854.46370000,41014.26000000,6562.28000000,0,0,0,0,47576.54000000,01a0d94c-f0c2-7503-9bdb-60ae04700030